video,tournament,round,year,winner,loser,upleft_x,upright_x,downleft_x,downright_x,upleft_y,upright_y,downleft_y,downright_y,match_key
Kento_MOMOTA_CHOU_Tien_Chen_Fuzhou_Open_2019_Finals,Fuzhou Open 2019,Finals,2019.0,Kento MOMOTA,CHOU Tien Chen,407.6,867.0,307.2,973.0,308.6,307.4,671.2,669.4,kentomomotachoutienchenfuzhouopen2019finals
CHEN_Long_CHOU_Tien_Chen_World_Tour_Finals_Group_Stage,World Tour Finals,Group-Stage,2019.0,CHEN Long,CHOU Tien Chen,415.4,863.4,262.8,1018.4,358.2,358.2,672.0,677.2,chenlongchoutienchenworldtourfinalsgroupstage
CHOU_Tien_Chen_Jonatan_CHRISTIE_Indonesia_Open_2019_Quarter-finals,Indonesia Open 2019,Quarter-finals,2019.0,CHOU Tien Chen,Jonatan CHRISTIE,437.8,840.8,309.4,975.2,276.0,275.8,663.2,663.2,choutienchenjonatanchristieindonesiaopen2019quarter-finals
NG_Ka_Long_Angus_SHI_Yu_Qi_Thailand_Masters_2020_SemiFinals,Thailand Masters 2020,Semi-finals,2020.0,NG Ka Long Angus,SHI Yuqi,344.0,898.6,234.0,1033.2,236.4,239.6,635.8,639.6,ngkalongangusshiyuqithailandmasters2020semifinals
Anthony_Sinisuka_GINTING_Viktor_AXELSEN _Indonesia_Masters_2020_SemiFinals,Indonesia Masters 2020,Semi-finals,2020.0,Anthony Sinisuka GINTING,Viktor AXELSEN,437.6,838.8,296.8,985.0,251.0,250.2,659.8,659.4,anthonysinisukagintingviktoraxelsenindonesiamasters2020semifinals
Carolina_Marin_Supanida_Katethong_YONEX_Thailand_Open_2021_QuarterFinals,YONEX THAILAND OPEN 2021,Quarter-finals,2021.0,Carolina MARIN,Supanida KATETHONG,410.4,862.8,296.0,989.6,303.4,305.6,656.6,658.0,carolinamarinsupanidakatethongyonexthailandopen2021quarterfinals
An_Se_Young_Pornpawee_Chochuwong_TOYOTA_THAILAND_OPEN_2021_QuarterFinals,TOYOTA THAILAND OPEN 2021,Quarter-finals,2021.0,An Se Young,Pornpawee CHOCHUWONG,414.6,866.4,291.4,990.2,305.4,303.6,662.4,660.6,anseyoungpornpaweechochuwongtoyotathailandopen2021quarterfinals
Hans-Kristian_Solberg_Vittinghus_Anders_Antonsen_TOYOTA_THAILAND_OPEN_2021_SemiFinals,TOYOTA THAILAND OPEN 2021,Semi-finals,2021.0,Hans-Kristian Solberg VITTINGHUS,Anders ANTONSEN,414.0,866.4,289.6,991.8,304.2,303.4,662.8,660.4,hans-kristiansolbergvittinghusandersantonsentoyotathailandopen2021semifinals
Carolina_Marin_An_Se_Young_HSBC_BWF_WORLD_TOUR_FINALS_2020_QuarterFinals,HSBC BWF WORLD TOUR FINALS 2020,Quarter-finals,2021.0,An Se Young,Carolina MARIN,413.8,866.4,290.8,991.2,304.6,303.8,662.4,659.8,carolinamarinanseyounghsbcbwfworldtourfinals2020quarterfinals
Evgeniya_Kosetskaya_Michelle_Li_HSBC_BWF_WORLD_TOUR_FINALS_2020_QuarterFinals,HSBC BWF WORLD TOUR FINALS 2020,Quarter-finals,2021.0,Evgeniya KOSETSKAYA,Michelle LI,409.0,860.4,294.4,984.4,306.0,307.0,656.6,657.4,evgeniyakosetskayamichellelihsbcbwfworldtourfinals2020quarterfinals
He_Bing_Jiao_Chen_Yu_Fei_GWANGJU_YONEX_Korea_Masters_2022_Final,GWANGJU YONEX Korea Masters 2022,Finals,2022.0,HE Bingjiao,CHEN Yufei,374.2,877.8,209.6,1052.4,307.6,308.6,680.8,682.0,hebingjiaochenyufeigwangjuyonexkoreamasters2022final
Ratchanok_INTANON_WANG_Zhi_Yi_Malaysia_Open_2022_SemiFinals,Malaysia Open 2022,Semi-finals,2022.0,Ratchanok INTANON,WANG Zhi Yi,427.8,861.4,286.4,999.4,384.8,383.0,667.8,670.6,ratchanokintanonwangzhiyimalaysiaopen2022semifinals
AN_Se_Young_Gregoria_Mariska_TUNJUNG_Malaysia_Masters_2022_SemiFinals,Malaysia Masters 2022,Semi-finals,2022.0,An Se Young,Gregoria Mariska TUNJUNG,418.2,863.2,272.4,1004.8,383.6,382.0,674.6,677.0,anseyounggregoriamariskatunjungmalaysiamasters2022semifinals
Kunlavut_VITIDSARN_ZHAO_Jun_ Peng_BWF_World_Championships_2022_SemiFinals,BWF World Championships 2022,Semi-finals,2022.0,Kunlavut VITIDSARN,ZHAO Jun Peng,383.4,892.6,266.2,1012.6,343.4,344.8,677.0,674.8,kunlavutvitidsarnzhaojunpengbwfworldchampionships2022semifinals
Akane_YAMAGUCHI_AN_Se_Young_BWF_World_Championships_2022_Semi_finals,BWF World Championships 2022,Semi-finals,2022.0,Akane YAMAGUCHI,An Se Young,383.0,891.8,265.8,1013.0,342.8,344.4,677.6,675.2,akaneyamaguchianseyoungbwfworldchampionships2022semifinals
Akane_YAMAGUCHI_CHEN_Yu_Fei_England_Open_2022_Semi_finals,YONEX All England Open Badminton Championships 2022,Semi-finals,2022.0,Akane YAMAGUCHI,CHEN Yufei,402.8,870.4,276.6,1001.8,391.6,393.8,682.8,679.4,akaneyamaguchichenyufeienglandopen2022semifinals
LI_Shi_Feng_Kodai_NARAOKAGR_Thailand_Open_2022_Semi_finals,Thailand Open 2022,Semi-finals,2022.0,LI Shi Feng,Kodai NARAOKA,386.2,889.2,279.0,999.8,346.4,348.0,660.8,661.4,lishifengkodainaraokagrthailandopen2022semifinals
Viktor_AXELSEN_Rasmus_GEMKE_French_Open_2022 _Finals,French Open 2022,Finals,2022.0,Viktor AXELSEN,Rasmus GEMKE,493.4,806.4,311.4,983.4,234.4,233.8,652.6,655.6,viktoraxelsenrasmusgemkefrenchopen2022finals
Viktor_AXELSEN_Kodai_NARAOKA_YONEX_French_Open_2022_Semifinals,French Open 2022,Semi-finals,2022.0,Viktor AXELSEN,Kodai NARAOKA,485.4,797.6,304.2,973.4,237.2,237.4,654.6,658.0,viktoraxelsenkodainaraokayonexfrenchopen2022semifinals
