hit_area,back drive,clear,cross-court net,defensive drive,defensive lift,drive,drop,lift,long serve,net block,net shot,passive drop,push,rush,short drive,smash,unknown,wrist smash
1.0,0.0,0.0002966478789676654,0.04138237911598932,0.0001483239394838327,0.0001483239394838327,0.00385642242657965,0.0002966478789676654,0.43577573420350046,0.0,0.005487985760901809,0.36591515870661523,0.0001483239394838327,0.114357757342035,0.028329872441412045,0.0011865915158706616,0.0010382675763868287,0.0013349154553544942,0.0002966478789676654
2.0,0.0,0.0005660110372152257,0.039337767086458184,0.00014150275930380644,0.0004245082779114193,0.0028300551860761286,0.00014150275930380644,0.4396490731569266,0.0,0.004811093816329419,0.3572944672421112,0.00014150275930380644,0.12664496957690674,0.025045988396773737,0.0004245082779114193,0.0009905193151266449,0.0009905193151266449,0.0005660110372152257
3.0,0.09116344136162276,0.2837491256703194,0.00023315458148752622,0.0,0.0006994637444625787,0.00046630916297505244,0.23478666355793892,0.0011657729074376311,0.0,0.00046630916297505244,0.0011657729074376311,0.1440895313592912,0.00046630916297505244,0.00023315458148752622,0.0,0.128934483562602,0.00046630916297505244,0.1119141991140126
4.0,0.028949950932286556,0.34666339548577035,0.0002453385672227674,0.0002453385672227674,0.0004906771344455348,0.0,0.23159960745829244,0.0002453385672227674,0.0002453385672227674,0.001962708537782139,0.0017173699705593719,0.09739941118743867,0.0,0.0,0.0002453385672227674,0.16903827281648676,0.0004906771344455348,0.1204612365063788
5.0,0.03367054205043032,0.0893854748603352,0.0335195530726257,0.024913181337762342,0.026725049071417786,0.026121093160199307,0.08002415823644873,0.05058130756454779,0.0,0.3019779556092405,0.1274346972670995,0.031858674316774874,0.031707685338970254,0.004982636267552468,0.0009059338668277216,0.07051185263475766,0.00030197795560924054,0.06537822738940058
6.0,0.010971328262141603,0.11439438267992978,0.02794031597425395,0.017554125219426564,0.033060269163253365,0.02296664716208309,0.06992393212404915,0.0403744880046811,0.0,0.3573727325921592,0.10547103569338795,0.023405500292568753,0.03408425980105325,0.004095962551199532,0.001462843768285547,0.0868929198361615,0.0008777062609713282,0.049151550614394385
7.0,0.0,0.0001021659174499387,0.033612586841029836,0.0008173273395995096,0.0007151614221495709,0.011238250919493258,0.0,0.35890886800163463,0.0,0.00704944830404577,0.4191867592970985,0.0004086636697997548,0.1296485492439722,0.032182263996730694,0.0022476501838986514,0.0016346546791990192,0.0012259910093992644,0.001021659174499387
8.0,0.005520883341334613,0.06421027364378301,0.020643302928468554,0.03732597215554489,0.03228516562650024,0.06961113778204513,0.05796927508401344,0.04464714354296687,0.0,0.2626020163226116,0.11113778204512723,0.007561209793566971,0.05232837253960634,0.012722035525684109,0.0021603456553048487,0.1442630820931349,0.0003600576092174748,0.07465194431108978
9.0,0.012771084337349397,0.2520481927710843,0.0,0.00024096385542168674,0.00024096385542168674,0.00024096385542168674,0.24819277108433735,0.0009638554216867469,0.0,0.0009638554216867469,0.00048192771084337347,0.04530120481927711,0.0,0.00024096385542168674,0.0,0.28313253012048195,0.0007228915662650603,0.1544578313253012
10.0,0.0,0.0,0.0,0.0,0.0,0.0,0.0,0.0,0.0,0.0,0.0,0.0,0.0,0.0,0.0,0.0,1.0,0.0
11.0,0.0,0.0,0.0,0.0,0.0,0.0,0.0,0.3333333333333333,0.0,0.0,0.3333333333333333,0.0,0.0,0.0,0.0,0.2222222222222222,0.1111111111111111,0.0
12.0,0.0,0.18181818181818182,0.0,0.0,0.0,0.0,0.09090909090909091,0.09090909090909091,0.0,0.0,0.2727272727272727,0.0,0.09090909090909091,0.0,0.0,0.09090909090909091,0.18181818181818182,0.0
13.0,0.0,0.1111111111111111,0.0,0.0,0.0,0.0,0.2222222222222222,0.16666666666666666,0.0,0.0,0.2222222222222222,0.0,0.1111111111111111,0.0,0.0,0.0,0.0,0.16666666666666666
14.0,0.05714285714285714,0.08571428571428572,0.0,0.0,0.0,0.0,0.2,0.11428571428571428,0.0,0.0,0.2571428571428571,0.08571428571428572,0.11428571428571428,0.0,0.0,0.05714285714285714,0.0,0.02857142857142857
15.0,0.0,0.16666666666666666,0.08333333333333333,0.0,0.0,0.0,0.0,0.08333333333333333,0.0,0.0,0.4166666666666667,0.08333333333333333,0.0,0.0,0.0,0.08333333333333333,0.08333333333333333,0.0
16.0,0.0,0.0,0.0,0.0,0.0,0.0,0.0,0.3333333333333333,0.0,0.0,0.3333333333333333,0.0,0.0,0.0,0.0,0.0,0.3333333333333333,0.0
